#{"t_start": 1571620174.7227318, "env_id": "highway-discrete-v0"}
r,l,t
-133.860733,254,21.075633
-14.437804,37,24.197434
-14.628256,32,27.057971
-19.618946,51,31.807217
-9.332747,26,34.340524
-51.758835,81,42.371046
-34.580448,83,50.715722
-55.275905,94,59.666805
-40.959853,85,67.508654
