steps,mean 100 episode reward per step,episodes,% time spent exploring,mean 100 episode reward
0,-inf,1,100,-inf
100,-inf,1,99,-inf
200,-inf,1,99,-inf
300,-0.45861084533668617,3,99,-74.1
400,-0.4235983397162757,6,99,-38.4
500,-0.4594982778802626,7,99,-40.6
600,-0.4533745094467333,8,99,-39.7
700,-0.4702078884340094,9,99,-41.7
800,-0.47150485914474316,10,99,-41.6
