surrgain,TimestepsSoFar,EpLenMean,EpRew/step,TimeElapsed,optimgain,explained_variance_tdlam_before,entloss,EpisodesSoFar,EpThisIter,EpRewMean,meankl,entropy
0.036199294,1024,70.78571428571429,-0.40199258509506264,158.24723935127258,0.036199294,0.005596458911895752,0.0,14,14,-29.738022857142862,0.007444148,1.602068
0.03425567,2048,56.55555555555556,-0.402837913163272,314.42735266685486,0.03425567,0.007662475109100342,0.0,36,22,-23.127826944444443,0.007234507,1.5898976
0.03412318,3072,50.675,-0.3948965374400337,498.2059233188629,0.03412318,-0.024190425872802734,0.0,55,19,-20.021413250000002,0.0075199646,1.5687863
0.03800888,4096,55.9,-0.39471349233663844,668.2839953899384,0.03800888,-0.009453773498535156,0.0,70,15,-22.142319025,0.007565963,1.5593439
0.040459394,5120,65.2,-0.39580168392167014,835.5014388561249,0.040459394,-0.11994171142578125,0.0,82,12,-25.1905854,0.008370542,1.5391498
0.032782674,6144,83.55,-0.3764371052386092,1011.7831180095673,0.032782674,0.019769012928009033,0.0,89,7,-29.935482150000006,0.008546617,1.5033726
