#{"env_id": "highway-discrete-v0", "t_start": 1568829034.9505272}
r,l,t
-633.85727,58,10.284737
-641.783988,70,20.488604
