#{"t_start": 1571620203.2246084, "env_id": "highway-discrete-v0"}
r,l,t
-65.405872,152,16.244992
-131.7733,246,39.538581
-34.129138,59,45.066685
