#{"t_start": 1571620157.355145, "env_id": "highway-discrete-v0"}
r,l,t
-24.056834,37,3.689241
-24.008438,34,5.977056
-100.566783,195,19.416556
-9.17266,24,21.248836
-65.256545,131,31.148429
-8.318991,22,32.885649
-17.430513,26,34.996244
-60.67621,102,43.576416
-30.149658,56,48.796028
-54.25863,79,56.336526
-56.744708,96,66.147676
-33.852517,71,72.988242
-38.446807,93,81.724509
-20.483235,53,86.932667
-8.780787,25,89.386117
