TimeElapsed,entloss,EpLenMean,EpRewMean,EpRew/step,EpisodesSoFar,TimestepsSoFar,EpThisIter,entropy,optimgain,meankl,explained_variance_tdlam_before,surrgain
158.81281518936157,0.0,72.42857142857143,-459.47835571428567,-8.098752424452076,14,1024,14,2.846425,0.030580452,0.008244147,0.00017815828323364258,0.030580452
314.8543884754181,0.0,73.96296296296296,-386.92968888888896,-7.038785923563782,27,2048,13,2.8357182,0.028406382,0.009561244,0.0001309514045715332,0.028406382
504.97400403022766,0.0,63.225,-307.7812789,-5.590259455466642,45,3072,18,2.8368871,0.030772327,0.008876206,-0.0007305145263671875,0.030772327
668.9914832115173,0.0,62.975,-354.03309225,-7.270037529831939,60,4096,15,2.8710117,0.029776804,0.013346305,-7.855892181396484e-05,0.029776804
844.1192443370819,0.0,69.925,-339.74028275,-6.6387197775555595,72,5120,12,2.8779109,0.037641704,0.010253493,3.057718276977539e-05,0.037641704
1017.5429921150208,0.0,86.05,-381.99774790000004,-6.121070025857599,79,6144,7,2.8637083,0.021297015,0.00970615,6.61015510559082e-05,0.021297015
