#{"env_id": "highway-discrete-v0", "t_start": 1571620189.622205}
r,l,t
-126.602047,253,23.889669
-88.752703,159,39.582705
-29.930118,60,45.333817
-21.894874,39,48.982043
-29.505374,45,53.235809
-18.208529,26,55.734456
