#{"t_start": 1568829131.278388, "env_id": "highway-discrete-v0"}
r,l,t
-618.039091,57,10.845842
