#{"t_start": 1569268125.116577, "env_id": "highway-discrete-v0"}
r,l,t
-622.212869,56,38.330964
