#{"t_start": 1569264792.9471633, "env_id": "highway-discrete-v0"}
r,l,t
-611.369266,30,7.394264
-620.717345,40,14.613244
-604.737736,17,17.48231
-626.747397,45,24.896236
-613.832453,55,33.645163
-604.316956,18,36.634711
