#{"t_start": 1571163600.4939384, "env_id": "highway-discrete-v0"}
r,l,t
-621.784519,35,6.313664
-615.200421,51,13.213363
-604.492817,23,16.392529
-622.884688,37,21.325788
-659.998691,127,38.093616
